{
  "i18n/i18n.properties": 1615256714380,
  "manifest.json": 1615257031532,
  "model/models.js": 1615256714384,
  "controller/View1.controller.js": 1615256714380,
  "Component.js": 1615256714380,
  "manifest-bundle.zip": 1615257031540,
  "Component-preload.js": 1615257031669,
  "model/models-dbg.js": 1615256714384,
  "controller/View1-dbg.controller.js": 1615256714380,
  "Component-dbg.js": 1615256714380,
  "view/View1.view.xml": 1615256714388,
  "css/style.css": 1615256714380,
  "index.html": 1615256714380
}